{
  "10009609": {
    "gpt-4.1": [
      {
        "P": 0.5217432752251625,
        "R": 0.41739462018013,
        "F1": 0.4637718002001445
      }
    ],
    "gpt-4.1-mini": [
      {
        "P": 0.5346817033631461,
        "R": 0.37427719235420226,
        "F1": 0.44032610865200267
      }
    ],
    "gpt-4o": [
      {
        "P": 0.5370778441429138,
        "R": 0.3759544909000397,
        "F1": 0.4422994010588702
      }
    ],
    "gpt-4o-mini": [
      {
        "P": 0.5385557327951703,
        "R": 0.37698901295661924,
        "F1": 0.44351648583131675
      }
    ],
    "gpt-3.5-turbo": [
      {
        "P": 0.5433623492717743,
        "R": 0.21734493970870972,
        "F1": 0.31049277101244244
      }
    ]
  },
  "100153030": {
    "gpt-4.1": [
      {
        "P": 0.36151454597711563,
        "R": 0.578423273563385,
        "F1": 0.4449409796641423
      }
    ],
    "gpt-4.1-mini": [
      {
        "P": 0.49930402636528015,
        "R": 0.5991648316383362,
        "F1": 0.5446953014893965
      }
    ],
    "gpt-4o": [
      {
        "P": 0.40626256806509836,
        "R": 0.5687675952911377,
        "F1": 0.47397299607594806
      }
    ],
    "gpt-4o-mini": [
      {
        "P": 0.41123965808323454,
        "R": 0.5757355213165283,
        "F1": 0.47977960109710693
      }
    ],
    "gpt-3.5-turbo": [
      {
        "P": 0.5947050303220749,
        "R": 0.4757640242576599,
        "F1": 0.5286266936196221
      }
    ]
  }
}