{
  "10009609": {
    "gpt-4.1": [
      {
        "P": 0.5202231183648109,
        "R": 0.41617849469184875,
        "F1": 0.4624205496576097
      }
    ],
    "gpt-4.1-mini": [
      {
        "P": 0.5292455894606454,
        "R": 0.37047191262245177,
        "F1": 0.4358493089675903
      }
    ],
    "gpt-4o": [
      {
        "P": 0.5275744412626538,
        "R": 0.3693021088838577,
        "F1": 0.43447306927512674
      }
    ],
    "gpt-4o-mini": [
      {
        "P": 0.5392997775759015,
        "R": 0.3775098443031311,
        "F1": 0.44412922859191895
      }
    ],
    "gpt-3.5-turbo": [
      {
        "P": 0.5400090098381043,
        "R": 0.27000450491905215,
        "F1": 0.3600060065587362
      }
    ]
  }
}